{
  "project_info": {
    "project_number": "440509468785",
    "project_id": "event-management-app-9b533",
    "storage_bucket": "event-management-app-9b533.appspot.com"
  },
  "client": [
    {
      "client_info": {
        "mobilesdk_app_id": "1:440509468785:android:5eedc67e6bdb5c650dcbd0",
        "android_client_info": {
          "package_name": "com.aspinax.lanaevents"
        }
      },
      "oauth_client": [
        {
          "client_id": "440509468785-ibrq4mjp8man8orbr2vj9p8077n3c8a0.apps.googleusercontent.com",
          "client_type": 3
        }
      ],
      "api_key": [
        {
          "current_key": "AIzaSyC0LPmqoc3SSSTP7A2Cf9xQQIlJjU93xTU"
        }
      ],
      "services": {
        "appinvite_service": {
          "other_platform_oauth_client": [
            {
              "client_id": "440509468785-ibrq4mjp8man8orbr2vj9p8077n3c8a0.apps.googleusercontent.com",
              "client_type": 3
            }
          ]
        }
      }
    }
  ],
  "configuration_version": "1"
}